Case ID	Project	Primary Site	Gender	Files	Seq	Exp	SNV	CNV	Meth	Clinical	Bio	# Mutations	# Genes	Slides
TCGA-CA-6717	TCGA-COAD	Colon	Male	56	4	5	16	5	1	8	17	9474	5965	3
TCGA-AA-A010	TCGA-COAD	Colon	Female	71	9	5	26	3	1	8	19	7559	5228	5
TCGA-AZ-4315	TCGA-COAD	Colon	Male	56	4	5	16	5	1	8	17	6444	4614	3
TCGA-AA-A00N	TCGA-COAD	Colon	Male	61	5	3	24	3	1	8	17	5367	4034	3
TCGA-AA-3984	TCGA-COAD	Colon	Female	66	6	5	24	5	1	8	17	5316	4007	3
TCGA-CK-4951	TCGA-COAD	Colon	Female	56	4	5	16	5	1	8	17	4279	3397	3
TCGA-AA-3977	TCGA-COAD	Colon	Male	82	6	5	40	5	1	8	17	3656	2856	3
TCGA-AA-3510	TCGA-COAD	Colon	Male	58	4	5	16	5	2	8	18	3196	2604	4
TCGA-CA-6718	TCGA-COAD	Colon	Male	56	4	5	16	5	1	8	17	3251	2586	3
TCGA-WS-AB45	TCGA-COAD	Colon	Female	55	4	5	16	5	1	8	16	2687	2314	2
TCGA-AA-3947	TCGA-COAD	Colon	Female	57	5	5	16	5	1	8	17	2559	2267	3
TCGA-AZ-6598	TCGA-COAD	Colon	Female	62	5	8	16	5	2	8	18	2516	2221	4
TCGA-NH-A5IV	TCGA-COAD	Colon	Female	56	5	5	16	5	1	8	16	2474	2200	2
TCGA-AA-3864	TCGA-COAD	Colon	Male	56	4	5	16	5	1	8	17	2483	2166	3
TCGA-AA-3715	TCGA-COAD	Colon	Male	57	4	5	16	5	1	9	17	2227	1976	3
TCGA-A6-2686	TCGA-COAD	Colon	Female	67	6	8	16	9	2	8	18	2211	1960	4
TCGA-AA-3492	TCGA-COAD	Colon	Female	58	4	5	16	5	2	8	18	2146	1919	4
TCGA-AM-5820	TCGA-COAD	Colon	Female	56	4	5	16	5	1	8	17	2685	1916	3
TCGA-G4-6588	TCGA-COAD	Colon	Female	57	4	5	16	5	1	9	17	2114	1909	3
TCGA-AA-3663	TCGA-COAD	Colon	Male	62	5	8	16	5	2	8	18	2093	1888	4
TCGA-A6-6781	TCGA-COAD	Colon	Male	121	11	15	56	11	3	8	17	2080	1857	3
TCGA-5M-AAT6	TCGA-COAD	Colon	Female	55	4	5	16	5	1	8	16	1985	1786	2
TCGA-G4-6628	TCGA-COAD	Colon	Male	57	4	5	16	5	1	9	17	1965	1783	3
TCGA-AZ-6601	TCGA-COAD	Colon	Male	63	5	8	16	5	2	9	18	1974	1772	4
TCGA-A6-5665	TCGA-COAD	Colon	Female	83	9	13	24	9	2	8	18	1969	1747	4
TCGA-AD-6889	TCGA-COAD	Colon	Male	57	5	5	16	5	1	8	17	1792	1637	3
TCGA-F4-6570	TCGA-COAD	Colon	Female	56	4	5	16	5	1	8	17	1768	1601	3
TCGA-D5-6928	TCGA-COAD	Colon	Male	56	4	5	16	5	1	8	17	1734	1596	3
TCGA-AA-3672	TCGA-COAD	Colon	Female	57	4	5	16	5	1	9	17	1705	1572	3
TCGA-AD-5900	TCGA-COAD	Colon	Male	55	4	5	16	5	1	8	16	1630	1500	2
TCGA-AA-A01R	TCGA-COAD	Colon	Male	70	7	5	24	5	2	8	19	1639	1499	5
TCGA-AD-6895	TCGA-COAD	Colon	Male	56	4	5	16	5	1	9	16	1619	1464	2
TCGA-AA-A022	TCGA-COAD	Colon	Female	70	7	5	24	5	2	8	19	1566	1430	5
TCGA-AD-6964	TCGA-COAD	Colon	Male	56	4	5	16	5	1	9	16	1578	1429	2
TCGA-AD-A5EJ	TCGA-COAD	Colon	Female	55	4	5	16	5	1	8	16	1497	1374	2
TCGA-CM-5861	TCGA-COAD	Colon	Female	56	4	5	16	5	1	8	17	1456	1365	3
TCGA-CK-5916	TCGA-COAD	Colon	Female	56	4	5	16	5	1	8	17	1488	1359	3
TCGA-AA-3811	TCGA-COAD	Colon	Female	65	5	5	24	5	1	8	17	1412	1299	3
TCGA-AM-5821	TCGA-COAD	Colon	Female	56	4	5	16	5	1	8	17	1367	1259	3
TCGA-A6-5661	TCGA-COAD	Colon	Female	70	7	10	16	9	2	8	18	1308	1217	4
TCGA-D5-6930	TCGA-COAD	Colon	Male	56	4	5	16	5	1	8	17	1323	1210	3
TCGA-AA-3949	TCGA-COAD	Colon	Female	65	5	5	24	5	1	8	17	1306	1208	3
TCGA-D5-6540	TCGA-COAD	Colon	Male	56	4	5	16	5	1	8	17	1281	1191	3
TCGA-CM-4743	TCGA-COAD	Colon	Male	56	4	5	16	5	1	8	17	1264	1183	3
TCGA-CK-6746	TCGA-COAD	Colon	Female	55	4	5	16	5	1	8	16	1250	1172	2
TCGA-AA-A02R	TCGA-COAD	Colon	Female	55	4	5	16	3	1	8	18	1271	1160	4
TCGA-A6-6780	TCGA-COAD	Colon	Male	120	11	15	56	9	3	8	18	1233	1154	4
TCGA-CM-6171	TCGA-COAD	Colon	Female	56	4	5	16	5	1	8	17	1238	1146	3
TCGA-AA-3877	TCGA-COAD	Colon	Female	65	5	5	24	5	1	8	17	1185	1128	3
TCGA-A6-3809	TCGA-COAD	Colon	Female	101	8	11	40	9	4	8	21	1170	1112	7
TCGA-G4-6586	TCGA-COAD	Colon	Female	57	4	5	16	5	1	9	17	1192	1105	3
TCGA-AY-6197	TCGA-COAD	Colon	Male	56	4	5	16	5	1	8	17	1159	1092	3
TCGA-D5-6530	TCGA-COAD	Colon	Male	56	4	5	16	5	1	8	17	1154	1092	3
TCGA-A6-6653	TCGA-COAD	Colon	Male	56	4	5	16	5	1	8	17	1145	1078	3
TCGA-DM-A1HB	TCGA-COAD	Colon	Male	54	4	5	16	5	1	8	15	1155	1078	1
TCGA-AA-3713	TCGA-COAD	Colon	Male	63	5	8	16	5	2	9	18	1110	1035	4
TCGA-G4-6302	TCGA-COAD	Colon	Female	61	5	5	16	7	2	8	18	1094	1016	4
TCGA-G4-6320	TCGA-COAD	Colon	Male	61	5	5	16	7	2	8	18	1077	1013	4
TCGA-G4-6304	TCGA-COAD	Colon	Female	56	4	5	16	5	1	8	17	1084	1004	3
TCGA-CM-6162	TCGA-COAD	Colon	Female	56	4	5	16	5	1	8	17	1063	999	3
TCGA-AU-6004	TCGA-COAD	Colon	Female	55	4	5	16	5	1	8	16	1047	992	2
TCGA-QG-A5Z2	TCGA-COAD	Colon	Male	56	4	5	16	5	1	8	17	1047	988	3
TCGA-F4-6856	TCGA-COAD	Colon	Male	56	4	5	16	5	1	8	17	1046	985	3
TCGA-A6-2672	TCGA-COAD	Colon	Female	81	7	10	24	11	3	8	18	1031	972	4
TCGA-AA-3950	TCGA-COAD	Colon	Female	57	4	5	16	5	1	9	17	994	938	3
TCGA-AA-3966	TCGA-COAD	Colon	Female	65	5	5	24	5	1	8	17	960	910	3
TCGA-AA-A01P	TCGA-COAD	Colon	Female	70	7	5	24	5	2	8	19	919	886	5
TCGA-AA-3815	TCGA-COAD	Colon	Female	53	4	5	16	2	1	8	17	942	877	3
TCGA-CM-6674	TCGA-COAD	Colon	Male	56	4	5	16	5	1	8	17	930	867	3
TCGA-AA-3821	TCGA-COAD	Colon	Female	56	4	5	16	5	1	8	17	942	867	3
TCGA-CK-5913	TCGA-COAD	Colon	Female	55	4	5	16	5	1	8	16	910	862	2
TCGA-G4-6309	TCGA-COAD	Colon	Female	55	4	5	16	5	1	8	16	859	823	2
TCGA-AZ-4615	TCGA-COAD	Colon	Male	65	5	5	24	5	1	8	17	845	788	3
TCGA-CM-4746	TCGA-COAD	Colon	Male	56	4	5	16	5	1	8	17	767	738	3
TCGA-AA-3845	TCGA-COAD	Colon	Female	65	5	5	24	5	1	8	17	739	710	3
TCGA-D5-6927	TCGA-COAD	Colon	Male	55	4	5	16	5	1	8	16	731	696	2
TCGA-AZ-4313	TCGA-COAD	Colon	Female	57	4	5	16	5	1	9	17	557	538	3
TCGA-F4-6703	TCGA-COAD	Colon	Male	56	4	5	16	5	1	8	17	558	530	3
TCGA-AA-3833	TCGA-COAD	Colon	Female	82	6	5	40	5	1	8	17	461	448	3
TCGA-A6-A565	TCGA-COAD	Colon	Female	56	5	5	16	5	1	8	16	389	378	2
TCGA-AY-4070	TCGA-COAD	Colon	Female	56	4	5	16	5	1	8	17	274	271	3
TCGA-D5-6931	TCGA-COAD	Colon	Male	56	4	5	16	5	1	8	17	279	264	3
TCGA-DM-A1DA	TCGA-COAD	Colon	Female	55	4	5	16	5	1	8	16	251	246	2
TCGA-AZ-6599	TCGA-COAD	Colon	Male	62	5	8	16	5	2	8	18	247	237	4
TCGA-AD-6901	TCGA-COAD	Colon	Male	55	4	5	16	5	1	8	16	227	224	2
TCGA-QL-A97D	TCGA-COAD	Colon	Female	56	5	5	16	5	1	8	16	224	216	2
TCGA-DM-A28F	TCGA-COAD	Colon	Male	55	4	5	16	5	1	8	16	225	214	2
TCGA-CM-6168	TCGA-COAD	Colon	Female	56	4	5	16	5	1	8	17	218	212	3
TCGA-AA-3930	TCGA-COAD	Colon	Male	54	4	5	16	3	1	8	17	210	205	3
TCGA-AY-6196	TCGA-COAD	Colon	Male	56	4	5	16	5	1	8	17	208	202	3
TCGA-AA-3952	TCGA-COAD	Colon	Male	57	4	5	16	5	1	9	17	207	196	3
TCGA-AA-A02W	TCGA-COAD	Colon	Female	51	3	3	16	3	1	8	17	205	192	3
TCGA-AA-3967	TCGA-COAD	Colon	Male	43	2	0	16	0	0	8	17	204	190	3
TCGA-CA-5254	TCGA-COAD	Colon	Female	56	4	5	16	5	1	8	17	186	182	3
TCGA-AA-3819	TCGA-COAD	Colon	Female	56	4	5	16	5	1	8	17	186	179	3
TCGA-AA-3994	TCGA-COAD	Colon	Male	56	4	5	16	5	1	8	17	184	178	3
TCGA-CM-5864	TCGA-COAD	Colon	Male	56	4	5	16	5	1	8	17	183	176	3
TCGA-AY-A69D	TCGA-COAD	Colon	Female	56	5	5	16	5	1	8	16	179	174	2
TCGA-AA-3939	TCGA-COAD	Colon	Male	55	4	5	16	3	1	9	17	179	174	3
TCGA-AA-3697	TCGA-COAD	Colon	Male	63	5	8	16	5	2	9	18	179	172	4
TCGA-G4-6299	TCGA-COAD	Colon	Male	56	4	5	16	5	1	8	17	177	171	3
TCGA-AA-A02E	TCGA-COAD	Colon	Female	57	5	5	16	3	1	8	19	176	170	5
TCGA-A6-6654	TCGA-COAD	Colon	Female	55	4	5	16	5	1	8	16	173	170	2
TCGA-CM-5348	TCGA-COAD	Colon	Male	56	4	5	16	5	1	8	17	174	170	3
TCGA-AA-3666	TCGA-COAD	Colon	Male	56	4	5	16	5	1	8	17	171	168	3
TCGA-D5-6531	TCGA-COAD	Colon	Male	56	4	5	16	5	1	8	17	173	167	3
TCGA-DM-A0X9	TCGA-COAD	Colon	Female	56	4	5	16	5	1	8	17	171	165	3
TCGA-A6-3808	TCGA-COAD	Colon	Male	59	5	5	16	4	2	8	19	171	164	5
TCGA-AZ-4614	TCGA-COAD	Colon	Female	56	4	5	16	5	1	8	17	169	163	3
TCGA-A6-4107	TCGA-COAD	Colon	Female	64	5	5	16	9	2	8	19	168	162	5
TCGA-CK-6747	TCGA-COAD	Colon	Female	56	4	5	16	5	1	8	17	169	162	3
TCGA-5M-AAT4	TCGA-COAD	Colon	Male	55	4	5	16	5	1	8	16	168	161	2
TCGA-CK-6751	TCGA-COAD	Colon	Female	56	4	5	16	5	1	8	17	165	159	3
TCGA-DM-A285	TCGA-COAD	Colon	Female	56	4	5	16	5	1	9	16	163	158	2
TCGA-AA-3502	TCGA-COAD	Colon	Male	57	4	5	16	5	2	8	17	164	157	3
TCGA-CK-4952	TCGA-COAD	Colon	Female	54	4	5	16	3	1	8	17	163	156	3
TCGA-T9-A92H	TCGA-COAD	Colon	Male	57	4	5	16	5	1	8	18	162	156	4
TCGA-AA-3852	TCGA-COAD	Colon	Male	56	4	5	16	5	1	8	17	164	156	3
TCGA-A6-3810	TCGA-COAD	Colon	Male	104	9	11	40	11	4	8	21	158	155	7
TCGA-A6-A566	TCGA-COAD	Colon	Female	56	5	5	16	5	1	8	16	158	155	2
TCGA-QG-A5YV	TCGA-COAD	Colon	Female	56	5	5	16	5	1	8	16	156	154	2
TCGA-DM-A1D4	TCGA-COAD	Colon	Male	55	4	5	16	5	1	8	16	158	154	2
TCGA-AA-A02O	TCGA-COAD	Colon	Male	59	4	5	16	5	2	8	19	156	153	5
TCGA-AA-3695	TCGA-COAD	Colon	Female	52	3	2	16	5	1	8	17	155	152	3
TCGA-D5-6535	TCGA-COAD	Colon	Female	56	4	5	16	5	1	8	17	156	151	3
TCGA-CK-4950	TCGA-COAD	Colon	Female	56	4	5	16	5	1	8	17	157	150	3
TCGA-AA-3684	TCGA-COAD	Colon	Female	56	4	5	16	5	1	8	17	158	150	3
TCGA-F4-6809	TCGA-COAD	Colon	Female	56	4	5	16	5	1	8	17	157	148	3
TCGA-AA-3664	TCGA-COAD	Colon	Female	56	4	5	16	5	1	8	17	149	146	3
TCGA-AA-3855	TCGA-COAD	Colon	Male	56	4	5	16	5	1	8	17	150	145	3
TCGA-CM-5341	TCGA-COAD	Colon	Female	56	4	5	16	5	1	8	17	150	144	3
TCGA-SS-A7HO	TCGA-COAD	Colon	Female	56	5	5	16	5	1	8	16	146	143	2
TCGA-AA-3693	TCGA-COAD	Colon	Female	56	4	5	16	5	1	8	17	146	143	3
TCGA-AA-3975	TCGA-COAD	Colon	Male	56	4	5	16	5	1	8	17	153	143	3
TCGA-NH-A6GB	TCGA-COAD	Colon	Female	55	4	5	16	5	1	8	16	148	143	2
TCGA-F4-6807	TCGA-COAD	Colon	Female	56	4	5	16	5	1	8	17	146	142	3
TCGA-A6-4105	TCGA-COAD	Colon	Male	58	4	5	16	5	1	9	18	145	142	4
TCGA-D5-6533	TCGA-COAD	Colon	Female	56	4	5	16	5	1	8	17	147	141	3
TCGA-AD-6899	TCGA-COAD	Colon	Male	56	4	5	16	5	1	8	17	145	141	3
TCGA-D5-6924	TCGA-COAD	Colon	Male	56	4	5	16	5	1	8	17	145	141	3
TCGA-AA-3956	TCGA-COAD	Colon	Male	56	4	5	16	5	1	8	17	141	140	3
TCGA-AA-3848	TCGA-COAD	Colon	Female	56	4	5	16	5	1	8	17	143	140	3
TCGA-D5-6534	TCGA-COAD	Colon	Female	55	4	5	16	5	1	8	16	143	140	2
TCGA-AA-A02K	TCGA-COAD	Colon	Male	55	4	5	16	2	1	8	19	144	139	5
TCGA-DM-A1D8	TCGA-COAD	Colon	Female	55	4	5	16	5	1	8	16	144	139	2
TCGA-G4-6294	TCGA-COAD	Colon	Male	56	4	5	16	5	1	9	16	144	139	2
TCGA-DM-A0XD	TCGA-COAD	Colon	Male	56	4	5	16	5	1	8	17	143	138	3
TCGA-DM-A1HA	TCGA-COAD	Colon	Male	55	4	5	16	5	1	8	16	146	138	2
TCGA-NH-A50V	TCGA-COAD	Colon	Male	56	5	5	16	5	1	8	16	141	138	2
TCGA-AA-3955	TCGA-COAD	Colon	Male	56	4	5	16	5	1	8	17	142	137	3
TCGA-F4-6461	TCGA-COAD	Colon	Female	56	4	5	16	5	1	8	17	138	136	3
TCGA-AA-3982	TCGA-COAD	Colon	Male	56	4	5	16	5	1	8	17	140	135	3
TCGA-AG-3742	TCGA-READ	Colon	Female	61	5	8	16	5	1	8	18	137	134	4
TCGA-AA-3854	TCGA-COAD	Colon	Female	56	4	5	16	5	1	8	17	133	133	3
TCGA-AY-A54L	TCGA-COAD	Colon	Female	54	5	5	16	3	1	8	16	136	133	2
TCGA-AA-3818	TCGA-COAD	Colon	Female	56	4	5	16	5	1	8	17	134	133	3
TCGA-CM-4744	TCGA-COAD	Colon	Male	54	4	5	16	3	1	8	17	137	133	3
TCGA-AA-3506	TCGA-COAD	Colon	Male	59	4	5	16	5	2	9	18	136	132	4
TCGA-CA-6716	TCGA-COAD	Colon	Male	56	4	5	16	5	1	8	17	136	132	3
TCGA-CM-6677	TCGA-COAD	Colon	Female	56	4	5	16	5	1	8	17	132	131	3
TCGA-G4-6295	TCGA-COAD	Colon	Female	61	5	5	16	7	2	8	18	135	131	4
TCGA-QG-A5YW	TCGA-COAD	Colon	Female	55	4	5	16	5	1	8	16	135	131	2
TCGA-AZ-6608	TCGA-COAD	Colon	Female	58	4	5	16	5	1	9	18	134	131	4
TCGA-CM-6678	TCGA-COAD	Colon	Female	56	4	5	16	5	1	8	17	134	130	3
TCGA-AA-3979	TCGA-COAD	Colon	Male	57	4	5	16	5	1	9	17	134	130	3
TCGA-G4-6314	TCGA-COAD	Colon	Female	62	5	5	16	7	2	9	18	132	129	4
TCGA-AA-3837	TCGA-COAD	Colon	Male	56	4	5	16	5	1	8	17	132	129	3
TCGA-F4-6459	TCGA-COAD	Colon	Female	56	4	5	16	5	1	8	17	133	129	3
TCGA-A6-6782	TCGA-COAD	Colon	Male	55	4	5	16	5	1	8	16	132	127	2
TCGA-AA-3867	TCGA-COAD	Colon	Male	57	4	5	16	5	1	9	17	130	127	3
TCGA-F4-6460	TCGA-COAD	Colon	Female	56	4	5	16	5	1	8	17	131	127	3
TCGA-A6-2681	TCGA-COAD	Colon	Female	64	5	5	16	9	2	9	18	131	126	4
TCGA-AA-3968	TCGA-COAD	Colon	Female	56	4	5	16	5	1	8	17	129	126	3
TCGA-F4-6808	TCGA-COAD	Colon	Female	56	4	5	16	5	1	8	17	127	125	3
TCGA-AZ-6606	TCGA-COAD	Colon	Male	57	4	5	16	5	1	8	18	130	125	4
TCGA-AZ-6600	TCGA-COAD	Colon	Male	62	5	8	16	5	2	8	18	127	123	4
TCGA-AA-3660	TCGA-COAD	Colon	Female	62	5	8	16	5	2	8	18	125	123	4
TCGA-G4-6315	TCGA-COAD	Colon	Male	56	4	5	16	5	1	8	17	128	123	3
TCGA-CK-5914	TCGA-COAD	Colon	Male	54	4	5	16	3	1	8	17	128	123	3
TCGA-3L-AA1B	TCGA-COAD	Colon	Female	57	5	5	16	5	1	8	17	125	123	3
TCGA-A6-5660	TCGA-COAD	Colon	Male	60	5	5	16	7	1	8	18	124	123	4
TCGA-DM-A280	TCGA-COAD	Colon	Female	55	4	5	16	5	1	8	16	125	122	2
TCGA-DM-A1D9	TCGA-COAD	Colon	Female	55	4	5	16	5	1	8	16	124	122	2
TCGA-DM-A28A	TCGA-COAD	Colon	Male	55	4	5	16	5	1	8	16	122	121	2
TCGA-A6-5659	TCGA-COAD	Colon	Male	123	11	14	56	11	3	8	20	123	121	6
TCGA-G4-6311	TCGA-COAD	Colon	Male	61	5	5	16	7	2	8	18	124	120	4
TCGA-NH-A50T	TCGA-COAD	Colon	Female	55	4	5	16	5	1	8	16	123	120	2
TCGA-G4-6626	TCGA-COAD	Colon	Male	56	4	5	16	5	1	8	17	120	120	3
TCGA-A6-6649	TCGA-COAD	Colon	Male	57	4	5	16	5	1	9	17	122	120	3
TCGA-RU-A8FL	TCGA-COAD	Colon	Male	54	4	5	16	5	1	8	15	123	120	1
TCGA-A6-2677	TCGA-COAD	Colon	Female	85	7	8	24	13	4	9	20	122	119	6
TCGA-F4-6569	TCGA-COAD	Colon	Male	56	4	5	16	5	1	8	17	121	119	3
TCGA-AG-4015	TCGA-READ	Colon	Female	56	4	5	16	5	1	8	17	120	118	3
TCGA-DM-A28H	TCGA-COAD	Colon	Male	55	4	5	16	5	1	8	16	122	118	2
TCGA-DM-A0XF	TCGA-COAD	Colon	Female	56	4	5	16	5	1	8	17	121	117	3
TCGA-AA-A03F	TCGA-COAD	Colon	Female	59	4	5	16	5	2	8	19	119	117	5
TCGA-D5-6538	TCGA-COAD	Colon	Female	56	4	5	16	5	1	8	17	122	117	3
TCGA-D5-6932	TCGA-COAD	Colon	Male	56	4	5	16	5	1	8	17	121	116	3
TCGA-AA-A01I	TCGA-COAD	Colon	Male	51	3	3	16	3	1	8	17	120	116	3
TCGA-4T-AA8H	TCGA-COAD	Colon	Female	55	4	5	16	5	1	8	16	118	115	2
TCGA-AY-4071	TCGA-COAD	Colon	Female	56	4	5	16	5	1	8	17	121	115	3
TCGA-5M-AATE	TCGA-COAD	Colon	Male	55	4	5	16	5	1	8	16	117	115	2
TCGA-DM-A1D7	TCGA-COAD	Colon	Male	55	4	5	16	5	1	8	16	116	114	2
TCGA-AA-3875	TCGA-COAD	Colon	Female	56	4	5	16	5	1	8	17	118	114	3
TCGA-CM-4752	TCGA-COAD	Colon	Male	56	4	5	16	5	1	8	17	116	113	3
TCGA-NH-A6GC	TCGA-COAD	Colon	Female	57	5	5	16	5	1	8	17	112	112	3
TCGA-AA-3989	TCGA-COAD	Colon	Male	56	4	5	16	5	1	8	17	112	112	3
TCGA-AA-3511	TCGA-COAD	Colon	Male	61	5	8	16	5	1	8	18	116	112	4
TCGA-A6-2674	TCGA-COAD	Colon	Male	91	9	11	32	9	2	8	20	114	111	6
TCGA-A6-6137	TCGA-COAD	Colon	Male	56	4	5	16	5	1	8	17	113	111	3
TCGA-AA-3812	TCGA-COAD	Colon	Female	56	4	5	16	5	1	8	17	113	111	3
TCGA-AA-3844	TCGA-COAD	Colon	Female	57	4	5	16	5	1	9	17	110	110	3
TCGA-AA-3850	TCGA-COAD	Colon	Male	56	4	5	16	5	1	8	17	111	110	3
TCGA-NH-A8F7	TCGA-COAD	Colon	Female	77	8	10	24	7	2	9	17	112	110	3
TCGA-AD-6548	TCGA-COAD	Colon	Female	57	4	5	16	5	1	9	17	112	110	3
TCGA-AA-3831	TCGA-COAD	Colon	Male	56	4	5	16	5	1	8	17	111	109	3
TCGA-CA-6719	TCGA-COAD	Colon	Male	55	4	5	16	5	1	8	16	109	109	2
TCGA-AA-3680	TCGA-COAD	Colon	Female	56	4	5	16	5	1	8	17	112	109	3
TCGA-G4-6625	TCGA-COAD	Colon	Female	58	4	5	16	5	2	9	17	111	109	3
TCGA-AA-3712	TCGA-COAD	Colon	Male	62	5	8	16	5	2	8	18	109	108	4
TCGA-D5-6929	TCGA-COAD	Colon	Female	56	4	5	16	5	1	8	17	111	108	3
TCGA-AA-3861	TCGA-COAD	Colon	Male	53	4	5	16	2	1	8	17	110	108	3
TCGA-AA-A024	TCGA-COAD	Colon	Male	58	6	5	16	3	1	9	18	109	107	4
TCGA-A6-3807	TCGA-COAD	Colon	Female	62	5	5	16	7	2	8	19	114	107	5
TCGA-AA-A02Y	TCGA-COAD	Colon	Male	56	4	5	16	5	1	8	17	106	106	3
TCGA-F4-6854	TCGA-COAD	Colon	Female	56	4	5	16	5	1	8	17	110	105	3
TCGA-G4-6306	TCGA-COAD	Colon	Male	55	4	5	16	5	1	8	16	111	105	2
TCGA-D5-5538	TCGA-COAD	Colon	Female	55	4	5	16	5	1	8	16	106	105	2
TCGA-AA-3496	TCGA-COAD	Colon	Female	62	5	8	16	5	1	9	18	108	104	4
TCGA-AA-3866	TCGA-COAD	Colon	Female	56	4	5	16	5	1	8	17	106	104	3
TCGA-AA-A01V	TCGA-COAD	Colon	Male	59	4	5	16	5	2	8	19	110	103	5
TCGA-D5-6920	TCGA-COAD	Colon	Female	56	4	5	16	5	1	8	17	104	103	3
TCGA-AD-6888	TCGA-COAD	Colon	Male	56	4	5	16	5	1	9	16	107	103	2
TCGA-CM-6165	TCGA-COAD	Colon	Male	54	4	5	16	3	1	8	17	104	103	3
TCGA-AA-A01C	TCGA-COAD	Colon	Male	51	3	3	16	3	1	8	17	104	103	3
TCGA-D5-5540	TCGA-COAD	Colon	Male	55	4	5	16	5	1	8	16	106	102	2
TCGA-AA-3681	TCGA-COAD	Colon	Female	56	4	5	16	5	1	8	17	104	102	3
TCGA-AD-6890	TCGA-COAD	Colon	Male	55	4	5	16	5	1	8	16	105	102	2
TCGA-AZ-6605	TCGA-COAD	Colon	Male	61	5	8	16	5	1	8	18	104	102	4
TCGA-DM-A28G	TCGA-COAD	Colon	Male	56	5	5	16	5	1	8	16	105	102	2
TCGA-CK-4948	TCGA-COAD	Colon	Female	54	4	5	16	3	1	8	17	102	101	3
TCGA-F4-6806	TCGA-COAD	Colon	Female	56	4	5	16	5	1	8	17	104	101	3
TCGA-G4-6310	TCGA-COAD	Colon	Male	57	4	5	16	5	1	9	17	102	101	3
TCGA-CM-6169	TCGA-COAD	Colon	Male	56	4	5	16	5	1	8	17	102	100	3
TCGA-D5-6529	TCGA-COAD	Colon	Male	56	4	5	16	5	1	8	17	100	100	3
TCGA-D5-6536	TCGA-COAD	Colon	Male	56	4	5	16	5	1	8	17	107	100	3
TCGA-G4-6293	TCGA-COAD	Colon	Female	56	4	5	16	5	1	8	17	104	100	3
TCGA-AD-6965	TCGA-COAD	Colon	Male	56	4	5	16	5	1	8	17	101	99	3
TCGA-DM-A1D0	TCGA-COAD	Colon	Female	55	4	5	16	5	1	8	16	101	99	2
TCGA-D5-7000	TCGA-COAD	Colon	Female	56	4	5	16	5	1	8	17	99	99	3
TCGA-AY-5543	TCGA-COAD	Colon	Female	55	4	5	16	5	1	8	16	104	99	2
TCGA-D5-6539	TCGA-COAD	Colon	Female	56	4	5	16	5	1	8	17	101	99	3
TCGA-DM-A28C	TCGA-COAD	Colon	Male	54	4	5	16	5	1	8	15	102	99	1
TCGA-A6-5656	TCGA-COAD	Colon	Male	120	11	15	56	9	3	8	18	102	99	4
TCGA-AA-3842	TCGA-COAD	Colon	Male	56	4	5	16	5	1	8	17	100	98	3
TCGA-D5-6537	TCGA-COAD	Colon	Male	56	4	5	16	5	1	8	17	99	98	3
TCGA-A6-6138	TCGA-COAD	Colon	Male	56	4	5	16	5	1	8	17	99	98	3
TCGA-NH-A8F8	TCGA-COAD	Colon	Male	56	5	5	16	5	1	8	16	99	97	2
TCGA-D5-6922	TCGA-COAD	Colon	Male	56	4	5	16	5	1	8	17	97	97	3
TCGA-G4-6323	TCGA-COAD	Colon	Male	56	4	5	16	5	1	8	17	97	97	3
TCGA-AA-3489	TCGA-COAD	Colon	Male	61	5	8	16	5	1	8	18	98	96	4
TCGA-AA-3846	TCGA-COAD	Colon	Female	56	4	5	16	5	1	8	17	95	95	3
TCGA-AY-6386	TCGA-COAD	Colon	Female	55	4	5	16	5	1	8	16	97	95	2
TCGA-CM-6163	TCGA-COAD	Colon	Male	56	4	5	16	5	1	8	17	95	95	3
TCGA-CM-5860	TCGA-COAD	Colon	Male	56	4	5	16	5	1	8	17	95	95	3
TCGA-CM-5349	TCGA-COAD	Colon	Female	56	4	5	16	5	1	8	17	96	94	3
TCGA-D5-6532	TCGA-COAD	Colon	Male	56	4	5	16	5	1	8	17	95	94	3
TCGA-D5-6926	TCGA-COAD	Colon	Male	56	4	5	16	5	1	8	17	98	94	3
TCGA-DM-A28K	TCGA-COAD	Colon	Male	55	4	5	16	5	1	8	16	94	94	2
TCGA-AA-3814	TCGA-COAD	Colon	Female	57	4	5	16	5	1	9	17	96	93	3
TCGA-AG-4008	TCGA-READ	Colon	Male	57	4	5	16	5	1	9	17	95	93	3
TCGA-A6-5657	TCGA-COAD	Colon	Male	60	5	5	16	7	1	8	18	96	93	4
TCGA-AA-3980	TCGA-COAD	Colon	Female	53	4	5	16	2	1	8	17	94	93	3
TCGA-DM-A282	TCGA-COAD	Colon	Female	53	4	5	16	3	1	8	16	97	93	2
TCGA-AA-3851	TCGA-COAD	Colon	Male	56	4	5	16	5	1	8	17	94	92	3
TCGA-G4-6627	TCGA-COAD	Colon	Male	56	4	5	16	5	1	8	17	95	91	3
TCGA-AU-3779	TCGA-COAD	Colon	Female	56	4	5	16	5	1	8	17	96	91	3
TCGA-AZ-4616	TCGA-COAD	Colon	Female	56	4	5	16	5	1	8	17	93	91	3
TCGA-D5-5537	TCGA-COAD	Colon	Male	55	4	5	16	5	1	8	16	91	90	2
TCGA-DM-A1D6	TCGA-COAD	Colon	Male	55	4	5	16	5	1	8	16	92	90	2
TCGA-G4-6303	TCGA-COAD	Colon	Female	56	4	5	16	5	1	8	17	91	90	3
TCGA-A6-6650	TCGA-COAD	Colon	Female	121	11	15	56	9	3	8	19	91	90	5
TCGA-A6-A56B	TCGA-COAD	Colon	Male	56	5	5	16	5	1	8	16	90	90	2
TCGA-AA-A01Z	TCGA-COAD	Colon	Male	59	4	5	16	5	2	8	19	93	90	5
TCGA-F4-6855	TCGA-COAD	Colon	Female	56	4	5	16	5	1	8	17	91	89	3
TCGA-A6-5666	TCGA-COAD	Colon	Male	60	5	5	16	7	1	8	18	89	89	4
TCGA-AA-A01T	TCGA-COAD	Colon	Female	59	4	5	16	5	2	8	19	90	89	5
TCGA-CM-6676	TCGA-COAD	Colon	Male	56	4	5	16	5	1	8	17	89	88	3
TCGA-D5-6541	TCGA-COAD	Colon	Male	56	4	5	16	5	1	8	17	89	88	3
TCGA-CM-5862	TCGA-COAD	Colon	Male	56	4	5	16	5	1	8	17	88	88	3
TCGA-AA-3696	TCGA-COAD	Colon	Female	56	4	5	16	5	1	8	17	91	88	3
TCGA-D5-5539	TCGA-COAD	Colon	Male	55	4	5	16	5	1	8	16	92	88	2
TCGA-A6-2675	TCGA-COAD	Colon	Male	66	6	8	16	7	2	8	19	92	88	5
TCGA-AZ-5407	TCGA-COAD	Colon	Female	56	4	5	16	5	1	8	17	91	87	3
TCGA-A6-2679	TCGA-COAD	Colon	Female	67	6	8	16	9	2	8	18	87	86	4
TCGA-CK-4947	TCGA-COAD	Colon	Female	56	4	5	16	5	1	8	17	87	86	3
TCGA-CM-6172	TCGA-COAD	Colon	Female	56	4	5	16	5	1	8	17	88	85	3
TCGA-CA-6715	TCGA-COAD	Colon	Male	55	4	5	16	5	1	8	16	86	85	2
TCGA-AY-A71X	TCGA-COAD	Colon	Female	56	5	5	16	5	1	8	16	87	85	2
TCGA-DM-A28E	TCGA-COAD	Colon	Female	55	4	5	16	5	1	8	16	87	84	2
TCGA-AA-3986	TCGA-COAD	Colon	Male	57	4	5	16	5	1	9	17	86	84	3
TCGA-CM-4751	TCGA-COAD	Colon	Male	55	4	5	16	5	1	8	16	84	84	2
TCGA-A6-6648	TCGA-COAD	Colon	Male	56	4	5	16	5	1	8	17	85	84	3
TCGA-AA-3973	TCGA-COAD	Colon	Male	56	4	5	16	5	1	8	17	85	83	3
TCGA-AA-3685	TCGA-COAD	Colon	Male	56	4	5	16	5	1	8	17	86	83	3
TCGA-CM-6170	TCGA-COAD	Colon	Female	56	4	5	16	5	1	8	17	83	82	3
TCGA-DM-A28M	TCGA-COAD	Colon	Male	53	4	5	16	3	1	8	16	85	82	2
TCGA-AA-3860	TCGA-COAD	Colon	Female	57	4	5	16	5	1	9	17	84	82	3
TCGA-A6-6651	TCGA-COAD	Colon	Female	55	4	5	16	5	1	8	16	82	82	2
TCGA-AA-A004	TCGA-COAD	Colon	Male	51	3	3	16	3	1	8	17	82	81	3
TCGA-F4-6704	TCGA-COAD	Colon	Male	61	5	8	16	5	1	8	18	82	81	4
TCGA-AD-A5EK	TCGA-COAD	Colon	Male	55	4	5	16	5	1	8	16	82	81	2
TCGA-G4-6317	TCGA-COAD	Colon	Female	76	7	10	24	7	2	8	18	85	81	4
TCGA-AA-3530	TCGA-COAD	Colon	Male	63	5	5	16	9	1	9	18	86	81	4
TCGA-AA-3870	TCGA-COAD	Colon	Female	57	4	5	16	5	1	9	17	82	80	3
TCGA-CM-6161	TCGA-COAD	Colon	Female	56	4	5	16	5	1	8	17	80	80	3
TCGA-AA-3862	TCGA-COAD	Colon	Male	54	4	5	16	2	1	9	17	81	80	3
TCGA-G4-6297	TCGA-COAD	Colon	Female	61	5	5	16	7	2	8	18	83	80	4
TCGA-NH-A6GA	TCGA-COAD	Colon	Male	56	5	5	16	5	1	8	16	81	80	2
TCGA-4N-A93T	TCGA-COAD	Colon	Male	57	5	5	16	5	1	8	17	84	80	3
TCGA-FF-8043	TCGA-DLBC	Colon	Female	53	4	5	16	5	1	7	15	81	79	3
TCGA-QG-A5YX	TCGA-COAD	Colon	Female	56	5	5	16	5	1	8	16	81	79	2
TCGA-CM-6675	TCGA-COAD	Colon	Male	56	4	5	16	5	1	8	17	79	79	3
TCGA-AZ-4681	TCGA-COAD	Colon	Female	53	3	2	16	5	1	9	17	81	79	3
TCGA-NH-A50U	TCGA-COAD	Colon	Male	56	5	5	16	5	1	8	16	81	79	2
TCGA-AA-A02H	TCGA-COAD	Colon	Female	56	4	5	16	3	1	8	19	80	79	5
TCGA-AA-3662	TCGA-COAD	Colon	Female	62	5	8	16	5	1	9	18	79	79	4
TCGA-5M-AAT5	TCGA-COAD	Colon	--	54	4	5	16	5	1	7	16	81	79	2
TCGA-CM-6679	TCGA-COAD	Colon	Male	56	4	5	16	5	1	8	17	79	78	3
TCGA-G4-6298	TCGA-COAD	Colon	Male	62	5	5	16	7	2	9	18	78	78	4
TCGA-AA-3667	TCGA-COAD	Colon	Female	56	4	5	16	5	1	8	17	79	78	3
TCGA-AA-3675	TCGA-COAD	Colon	Male	55	4	5	16	5	0	8	17	80	77	3
TCGA-CM-5868	TCGA-COAD	Colon	Female	56	4	5	16	5	1	8	17	77	77	3
TCGA-AG-3882	TCGA-READ	Colon	Female	56	4	5	16	5	1	8	17	78	77	3
TCGA-A6-6652	TCGA-COAD	Colon	Male	56	4	5	16	5	1	8	17	79	77	3
TCGA-CA-5256	TCGA-COAD	Colon	Female	56	4	5	16	5	1	8	17	78	77	3
TCGA-A6-6142	TCGA-COAD	Colon	Female	56	4	5	16	5	1	8	17	80	77	3
TCGA-AA-3971	TCGA-COAD	Colon	Male	56	4	5	16	5	1	8	17	78	77	3
TCGA-CK-5915	TCGA-COAD	Colon	Male	55	4	5	16	5	1	8	16	79	77	2
TCGA-AA-3872	TCGA-COAD	Colon	Male	56	4	5	16	5	1	8	17	81	76	3
TCGA-AA-A03J	TCGA-COAD	Colon	Female	59	4	5	16	5	2	8	19	75	75	5
TCGA-AA-3673	TCGA-COAD	Colon	Female	56	4	5	16	5	1	8	17	75	74	3
TCGA-CM-6166	TCGA-COAD	Colon	Female	56	4	5	16	5	1	8	17	82	74	3
TCGA-G4-6321	TCGA-COAD	Colon	Female	57	4	5	16	5	1	9	17	74	74	3
TCGA-AA-3655	TCGA-COAD	Colon	Male	62	5	8	16	5	2	8	18	76	74	4
TCGA-G4-6322	TCGA-COAD	Colon	Male	61	5	5	16	7	2	8	18	76	74	4
TCGA-AA-3941	TCGA-COAD	Colon	Female	56	4	5	16	5	1	8	17	77	74	3
TCGA-AA-3841	TCGA-COAD	Colon	Male	53	3	3	16	5	1	8	17	76	74	3
TCGA-CM-6167	TCGA-COAD	Colon	Female	56	4	5	16	5	1	8	17	74	73	3
TCGA-CM-6680	TCGA-COAD	Colon	Female	56	4	5	16	5	1	8	17	76	73	3
TCGA-CM-4747	TCGA-COAD	Colon	Male	56	4	5	16	5	1	8	17	73	73	3
TCGA-AZ-6603	TCGA-COAD	Colon	Female	61	5	8	16	5	1	8	18	72	72	4
TCGA-AD-6963	TCGA-COAD	Colon	Male	55	4	5	16	5	1	8	16	71	71	2
TCGA-AZ-5403	TCGA-COAD	Colon	Male	56	4	5	16	5	1	8	17	71	71	3
TCGA-AA-3688	TCGA-COAD	Colon	Male	57	4	5	16	5	1	9	17	71	71	3
TCGA-AA-3856	TCGA-COAD	Colon	Male	56	4	5	16	5	1	8	17	71	70	3
TCGA-5M-AATA	TCGA-COAD	Colon	--	53	4	5	16	5	1	7	15	70	70	1
TCGA-AA-3678	TCGA-COAD	Colon	Female	56	4	5	16	5	1	8	17	71	69	3
TCGA-AA-3679	TCGA-COAD	Colon	Male	56	4	5	16	5	1	8	17	69	69	3
TCGA-CM-6164	TCGA-COAD	Colon	Female	56	4	5	16	5	1	8	17	69	68	3
TCGA-AA-3858	TCGA-COAD	Colon	Male	56	4	5	16	5	1	8	17	69	68	3
TCGA-AA-3692	TCGA-COAD	Colon	Female	57	4	5	16	5	1	9	17	70	67	3
TCGA-F4-6805	TCGA-COAD	Colon	Female	56	4	5	16	5	1	8	17	68	67	3
TCGA-AZ-4308	TCGA-COAD	Colon	Female	56	4	5	16	5	1	8	17	68	67	3
TCGA-D5-6898	TCGA-COAD	Colon	Female	56	4	5	16	5	1	8	17	70	67	3
TCGA-A6-2680	TCGA-COAD	Colon	Female	70	7	10	16	9	2	8	18	69	67	4
TCGA-F4-6463	TCGA-COAD	Colon	Male	56	4	5	16	5	1	8	17	67	67	3
TCGA-DM-A288	TCGA-COAD	Colon	Male	55	4	5	16	5	1	8	16	67	66	2
TCGA-A6-2671	TCGA-COAD	Colon	Male	70	7	10	16	9	2	8	18	67	65	4
TCGA-G4-6307	TCGA-COAD	Colon	Female	56	4	5	16	5	1	8	17	69	65	3
TCGA-CA-5797	TCGA-COAD	Colon	Male	56	4	5	16	5	1	8	17	66	63	3
TCGA-A6-2684	TCGA-COAD	Colon	Female	114	11	16	40	15	4	8	20	63	63	6
TCGA-AZ-6607	TCGA-COAD	Colon	Male	57	4	5	16	5	1	8	18	66	63	4
TCGA-AA-A01X	TCGA-COAD	Colon	Female	60	5	5	16	5	2	8	19	62	62	5
TCGA-AA-3495	TCGA-COAD	Colon	Male	58	4	5	16	5	2	8	18	63	61	4
TCGA-AY-A8YK	TCGA-COAD	Colon	Male	56	5	5	16	5	1	8	16	61	61	2
TCGA-AA-A02F	TCGA-COAD	Colon	Female	56	5	5	16	3	1	8	18	62	61	4
TCGA-A6-5667	TCGA-COAD	Colon	Female	64	6	8	16	7	2	8	17	61	61	3
TCGA-CM-5344	TCGA-COAD	Colon	Female	56	4	5	16	5	1	8	17	60	60	3
TCGA-DM-A1DB	TCGA-COAD	Colon	Male	55	4	5	16	5	1	8	16	61	60	2
TCGA-AA-A017	TCGA-COAD	Colon	Female	51	3	3	16	3	1	8	17	60	60	3
TCGA-CK-5912	TCGA-COAD	Colon	Male	56	4	5	16	5	1	9	16	61	59	2
TCGA-AA-3972	TCGA-COAD	Colon	Male	57	4	5	16	5	1	9	17	59	58	3
TCGA-CA-5796	TCGA-COAD	Colon	Female	56	4	5	16	5	1	8	17	59	58	3
TCGA-AA-3494	TCGA-COAD	Colon	Male	58	4	5	16	5	2	8	18	57	57	4
TCGA-D5-5541	TCGA-COAD	Colon	Male	55	4	5	16	5	1	8	16	58	57	2
TCGA-AA-3869	TCGA-COAD	Colon	Male	56	4	5	16	5	1	8	17	58	55	3
TCGA-CM-5863	TCGA-COAD	Colon	Female	55	4	5	16	5	1	8	16	58	55	2
TCGA-CM-4748	TCGA-COAD	Colon	Male	56	4	5	16	5	1	8	17	56	55	3
TCGA-AA-3509	TCGA-COAD	Colon	Female	55	4	5	16	2	2	8	18	54	53	4
TCGA-A6-2682	TCGA-COAD	Colon	Male	68	6	8	16	9	2	9	18	53	53	4
TCGA-AA-A01S	TCGA-COAD	Colon	Female	60	5	5	16	5	2	8	19	52	51	5
TCGA-A6-A567	TCGA-COAD	Colon	Male	56	5	5	16	5	1	8	16	51	51	2
TCGA-CK-6748	TCGA-COAD	Colon	Female	56	4	5	16	5	1	8	17	53	50	3
TCGA-A6-5664	TCGA-COAD	Colon	Male	55	4	5	16	5	1	8	16	51	49	2
TCGA-AZ-4323	TCGA-COAD	Colon	Male	55	4	5	16	5	1	8	16	47	47	2
TCGA-CA-5255	TCGA-COAD	Colon	Male	56	4	5	16	5	1	8	17	49	45	3
TCGA-A6-2685	TCGA-COAD	Colon	Female	70	7	10	16	9	2	8	18	43	43	4
TCGA-DX-AB35	TCGA-SARC	Colon	Male	57	4	5	16	5	1	9	17	45	40	5
